filePath,pointSize,styleItemName,styleItemCategory,styleItemTags,styleItemUniqueId,styleItemGeometryType,notes
{Symbols_Root}\Appendices\Land\15110000.emf,64,Weapon/Weapon System,Land Equipment : Main Icon,Land Equipment;Weapon/Weapon System;NEW_AT_2525D;FULL_OCTAGON;Point;Weapon/Weapon System;15110000,15110000,Point,
{Symbols_Root}\Appendices\Land\15110100.emf,64,Weapon/Weapon System : Rifle,Land Equipment : Main Icon,Land Equipment;Weapon/Weapon System;Rifle;S*GPEWR---*****;FULL_OCTAGON;Point;Weapon/Weapon System : Rifle;15110100,15110100,Point,
{Symbols_Root}\Appendices\Land\15110101.emf,64,Weapon/Weapon System : Rifle : Single Shot Rifle,Land Equipment : Main Icon,Land Equipment;Weapon/Weapon System;Rifle;Single Shot Rifle;S*GPEWRR--*****;FULL_OCTAGON;Point;Weapon/Weapon System : Rifle : Single Shot Rifle;15110101,15110101,Point,
{Symbols_Root}\Appendices\Land\15110102.emf,64,Weapon/Weapon System : Rifle : Semiautomatic Rifle,Land Equipment : Main Icon,Land Equipment;Weapon/Weapon System;Rifle;Semiautomatic Rifle;S*GPEWRL--*****;FULL_OCTAGON;Point;Weapon/Weapon System : Rifle : Semiautomatic Rifle;15110102,15110102,Point,
{Symbols_Root}\Appendices\Land\15110103.emf,64,Weapon/Weapon System : Rifle : Automatic Rifle,Land Equipment : Main Icon,Land Equipment;Weapon/Weapon System;Rifle;Automatic Rifle;S*GPEWRH--*****;FULL_OCTAGON;Point;Weapon/Weapon System : Rifle : Automatic Rifle;15110103,15110103,Point,
{Symbols_Root}\Appendices\Land\15110200.emf,64,Weapon/Weapon System : Machine Gun,Land Equipment : Main Icon,Land Equipment;Weapon/Weapon System;Machine Gun;NEW_AT_2525D;FULL_OCTAGON;Point;Weapon/Weapon System : Machine Gun;15110200,15110200,Point,
{Symbols_Root}\Appendices\Land\15110201.emf,64,Weapon/Weapon System : Machine Gun : Light,Land Equipment : Main Icon,Land Equipment;Weapon/Weapon System;Machine Gun;Light;NEW_AT_2525D;FULL_OCTAGON;Point;Weapon/Weapon System : Machine Gun : Light;15110201,15110201,Point,
{Symbols_Root}\Appendices\Land\15110202.emf,64,Weapon/Weapon System : Machine Gun : Medium,Land Equipment : Main Icon,Land Equipment;Weapon/Weapon System;Machine Gun;Medium;NEW_AT_2525D;FULL_OCTAGON;Point;Weapon/Weapon System : Machine Gun : Medium;15110202,15110202,Point,
{Symbols_Root}\Appendices\Land\15110203.emf,64,Weapon/Weapon System : Machine Gun : Heavy,Land Equipment : Main Icon,Land Equipment;Weapon/Weapon System;Machine Gun;Heavy;NEW_AT_2525D;FULL_OCTAGON;Point;Weapon/Weapon System : Machine Gun : Heavy;15110203,15110203,Point,
{Symbols_Root}\Appendices\Land\15110300.emf,64,Weapon/Weapon System : Grenade Launcher,Land Equipment : Main Icon,Land Equipment;Weapon/Weapon System;Grenade Launcher;S*GPEWZ---*****;FULL_OCTAGON;Point;Weapon/Weapon System : Grenade Launcher;15110300,15110300,Point,
{Symbols_Root}\Appendices\Land\15110301.emf,64,Weapon/Weapon System : Grenade Launcher : Light,Land Equipment : Main Icon,Land Equipment;Weapon/Weapon System;Grenade Launcher;Light;S*GPEWZL--*****;FULL_OCTAGON;Point;Weapon/Weapon System : Grenade Launcher : Light;15110301,15110301,Point,
{Symbols_Root}\Appendices\Land\15110302.emf,64,Weapon/Weapon System : Grenade Launcher : Medium,Land Equipment : Main Icon,Land Equipment;Weapon/Weapon System;Grenade Launcher;Medium;S*GPEWZM--*****;FULL_OCTAGON;Point;Weapon/Weapon System : Grenade Launcher : Medium;15110302,15110302,Point,
{Symbols_Root}\Appendices\Land\15110303.emf,64,Weapon/Weapon System : Grenade Launcher : Heavy,Land Equipment : Main Icon,Land Equipment;Weapon/Weapon System;Grenade Launcher;Heavy;S*GPEWZH--*****;FULL_OCTAGON;Point;Weapon/Weapon System : Grenade Launcher : Heavy;15110303,15110303,Point,
{Symbols_Root}\Appendices\Land\15110400.emf,64,Weapon/Weapon System : Flame Thrower,Land Equipment : Main Icon,Land Equipment;Weapon/Weapon System;Flame Thrower;S*GPEXF---*****;FULL_OCTAGON;Point;Weapon/Weapon System : Flame Thrower;15110400,15110400,Point,
{Symbols_Root}\Appendices\Land\15110500.emf,64,Weapon/Weapon System : Air Defense Gun,Land Equipment : Main Icon,Land Equipment;Weapon/Weapon System;Air Defense Gun;S*GPEWA---*****;FULL_OCTAGON;Point;Weapon/Weapon System : Air Defense Gun;15110500,15110500,Point,
{Symbols_Root}\Appendices\Land\15110501.emf,64,Weapon/Weapon System : Air Defense Gun : Light,Land Equipment : Main Icon,Land Equipment;Weapon/Weapon System;Air Defense Gun;Light;S*GPEWAL--*****;FULL_OCTAGON;Point;Weapon/Weapon System : Air Defense Gun : Light;15110501,15110501,Point,
{Symbols_Root}\Appendices\Land\15110502.emf,64,Weapon/Weapon System : Air Defense Gun : Medium,Land Equipment : Main Icon,Land Equipment;Weapon/Weapon System;Air Defense Gun;Medium;S*GPEWAM--*****;FULL_OCTAGON;Point;Weapon/Weapon System : Air Defense Gun : Medium;15110502,15110502,Point,
{Symbols_Root}\Appendices\Land\15110503.emf,64,Weapon/Weapon System : Air Defense Gun : Heavy,Land Equipment : Main Icon,Land Equipment;Weapon/Weapon System;Air Defense Gun;Heavy;S*GPEWAH--*****;FULL_OCTAGON;Point;Weapon/Weapon System : Air Defense Gun : Heavy;15110503,15110503,Point,
{Symbols_Root}\Appendices\Land\15110600.emf,64,Weapon/Weapon System : Antitank Gun,Land Equipment : Main Icon,Land Equipment;Weapon/Weapon System;Antitank Gun;S*GPEWG---*****;FULL_OCTAGON;Point;Weapon/Weapon System : Antitank Gun;15110600,15110600,Point,
{Symbols_Root}\Appendices\Land\15110601.emf,64,Weapon/Weapon System : Antitank Gun : Light,Land Equipment : Main Icon,Land Equipment;Weapon/Weapon System;Antitank Gun;Light;S*GPEWGL--*****;FULL_OCTAGON;Point;Weapon/Weapon System : Antitank Gun : Light;15110601,15110601,Point,
{Symbols_Root}\Appendices\Land\15110602.emf,64,Weapon/Weapon System : Antitank Gun : Medium,Land Equipment : Main Icon,Land Equipment;Weapon/Weapon System;Antitank Gun;Medium;S*GPEWGM--*****;FULL_OCTAGON;Point;Weapon/Weapon System : Antitank Gun : Medium;15110602,15110602,Point,
{Symbols_Root}\Appendices\Land\15110603.emf,64,Weapon/Weapon System : Antitank Gun : Heavy,Land Equipment : Main Icon,Land Equipment;Weapon/Weapon System;Antitank Gun;Heavy;S*GPEWGH--*****;FULL_OCTAGON;Point;Weapon/Weapon System : Antitank Gun : Heavy;15110603,15110603,Point,
{Symbols_Root}\Appendices\Land\15110700.emf,64,Weapon/Weapon System : Direct Fire Gun,Land Equipment : Main Icon,Land Equipment;Weapon/Weapon System;Direct Fire Gun;S*GPEWD---*****;FULL_OCTAGON;Point;Weapon/Weapon System : Direct Fire Gun;15110700,15110700,Point,
{Symbols_Root}\Appendices\Land\15110701.emf,64,Weapon/Weapon System : Direct Fire Gun : Light,Land Equipment : Main Icon,Land Equipment;Weapon/Weapon System;Direct Fire Gun;Light;S*GPEWDL--*****;FULL_OCTAGON;Point;Weapon/Weapon System : Direct Fire Gun : Light;15110701,15110701,Point,
{Symbols_Root}\Appendices\Land\15110702.emf,64,Weapon/Weapon System : Direct Fire Gun : Medium,Land Equipment : Main Icon,Land Equipment;Weapon/Weapon System;Direct Fire Gun;Medium;S*GPEWDM--*****;FULL_OCTAGON;Point;Weapon/Weapon System : Direct Fire Gun : Medium;15110702,15110702,Point,
{Symbols_Root}\Appendices\Land\15110703.emf,64,Weapon/Weapon System : Direct Fire Gun : Heavy,Land Equipment : Main Icon,Land Equipment;Weapon/Weapon System;Direct Fire Gun;Heavy;S*GPEWDH--*****;FULL_OCTAGON;Point;Weapon/Weapon System : Direct Fire Gun : Heavy;15110703,15110703,Point,
{Symbols_Root}\Appendices\Land\15110800.emf,64,Weapon/Weapon System : Recoilless Gun,Land Equipment : Main Icon,Land Equipment;Weapon/Weapon System;Recoilless Gun;S*GPEWGR--*****;FULL_OCTAGON;Point;Weapon/Weapon System : Recoilless Gun;15110800,15110800,Point,
{Symbols_Root}\Appendices\Land\15110801.emf,64,Weapon/Weapon System : Recoilless Gun : Light,Land Equipment : Main Icon,Land Equipment;Weapon/Weapon System;Recoilless Gun;Light;NEW_AT_2525D;FULL_OCTAGON;Point;Weapon/Weapon System : Recoilless Gun : Light;15110801,15110801,Point,
{Symbols_Root}\Appendices\Land\15110802.emf,64,Weapon/Weapon System : Recoilless Gun : Medium,Land Equipment : Main Icon,Land Equipment;Weapon/Weapon System;Recoilless Gun;Medium;NEW_AT_2525D;FULL_OCTAGON;Point;Weapon/Weapon System : Recoilless Gun : Medium;15110802,15110802,Point,
{Symbols_Root}\Appendices\Land\15110803.emf,64,Weapon/Weapon System : Recoilless Gun : Heavy,Land Equipment : Main Icon,Land Equipment;Weapon/Weapon System;Recoilless Gun;Heavy;NEW_AT_2525D;FULL_OCTAGON;Point;Weapon/Weapon System : Recoilless Gun : Heavy;15110803,15110803,Point,
{Symbols_Root}\Appendices\Land\15110900.emf,64,Weapon/Weapon System : Howitzer,Land Equipment : Main Icon,Land Equipment;Weapon/Weapon System;Howitzer;S*GPEWH---*****;FULL_OCTAGON;Point;Weapon/Weapon System : Howitzer;15110900,15110900,Point,
{Symbols_Root}\Appendices\Land\15110901.emf,64,Weapon/Weapon System : Howitzer : Light,Land Equipment : Main Icon,Land Equipment;Weapon/Weapon System;Howitzer;Light;S*GPEWHL--*****;FULL_OCTAGON;Point;Weapon/Weapon System : Howitzer : Light;15110901,15110901,Point,
{Symbols_Root}\Appendices\Land\15110902.emf,64,Weapon/Weapon System : Howitzer : Medium,Land Equipment : Main Icon,Land Equipment;Weapon/Weapon System;Howitzer;Medium;S*GPEWHM--*****;FULL_OCTAGON;Point;Weapon/Weapon System : Howitzer : Medium;15110902,15110902,Point,
{Symbols_Root}\Appendices\Land\15110903.emf,64,Weapon/Weapon System : Howitzer : Heavy,Land Equipment : Main Icon,Land Equipment;Weapon/Weapon System;Howitzer;Heavy;S*GPEWHH--*****;FULL_OCTAGON;Point;Weapon/Weapon System : Howitzer : Heavy;15110903,15110903,Point,
{Symbols_Root}\Appendices\Land\15111000.emf,64,Weapon/Weapon System : Missile Launcher,Land Equipment : Main Icon,Land Equipment;Weapon/Weapon System;Missile Launcher;S*GPEWM---*****;FULL_OCTAGON;Point;Weapon/Weapon System : Missile Launcher;15111000,15111000,Point,
{Symbols_Root}\Appendices\Land\15111001.emf,64,Weapon/Weapon System : Missile Launcher : Light,Land Equipment : Main Icon,Land Equipment;Weapon/Weapon System;Missile Launcher;Light;NEW_AT_2525D;FULL_OCTAGON;Point;Weapon/Weapon System : Missile Launcher : Light;15111001,15111001,Point,
{Symbols_Root}\Appendices\Land\15111002.emf,64,Weapon/Weapon System : Missile Launcher : Medium,Land Equipment : Main Icon,Land Equipment;Weapon/Weapon System;Missile Launcher;Medium;NEW_AT_2525D;FULL_OCTAGON;Point;Weapon/Weapon System : Missile Launcher : Medium;15111002,15111002,Point,
{Symbols_Root}\Appendices\Land\15111003.emf,64,Weapon/Weapon System : Missile Launcher : Heavy,Land Equipment : Main Icon,Land Equipment;Weapon/Weapon System;Missile Launcher;Heavy;NEW_AT_2525D;FULL_OCTAGON;Point;Weapon/Weapon System : Missile Launcher : Heavy;15111003,15111003,Point,
{Symbols_Root}\Appendices\Land\15111100.emf,64,Weapon/Weapon System : Air Defense Missile Launcher,Land Equipment : Main Icon,Land Equipment;Weapon/Weapon System;Air Defense Missile Launcher;S*GPEWMA--*****;FULL_OCTAGON;Point;Weapon/Weapon System : Air Defense Missile Launcher;15111100,15111100,Point,
{Symbols_Root}\Appendices\Land\15111101.emf,64,Weapon/Weapon System : Air Defense Missile Launcher : Light,Land Equipment : Main Icon,Land Equipment;Weapon/Weapon System;Air Defense Missile Launcher;Light;S*GPEWMAS-*****;FULL_OCTAGON;Point;Weapon/Weapon System : Air Defense Missile Launcher : Light;15111101,15111101,Point,
{Symbols_Root}\Appendices\Land\15111102.emf,64,Weapon/Weapon System : Air Defense Missile Launcher : Light Transporter-Launcher and Radar (TLAR),Land Equipment : Main Icon,Land Equipment;Weapon/Weapon System;Air Defense Missile Launcher;Light Transporter-Launcher and Radar (TLAR);S*GPEWMASR*****;FULL_OCTAGON;Point;Weapon/Weapon System : Air Defense Missile Launcher : Light Transporter-Launcher and Radar (TLAR);15111102,15111102,Point,
{Symbols_Root}\Appendices\Land\15111103.emf,64,Weapon/Weapon System : Air Defense Missile Launcher : Light Tactical Landing Approach Radar (TELAR),Land Equipment : Main Icon,Land Equipment;Weapon/Weapon System;Air Defense Missile Launcher;Light Tactical Landing Approach Radar (TELAR);S*GPEWMASE*****;FULL_OCTAGON;Point;Weapon/Weapon System : Air Defense Missile Launcher : Light Tactical Landing Approach Radar (TELAR);15111103,15111103,Point,
{Symbols_Root}\Appendices\Land\15111104.emf,64,Weapon/Weapon System : Air Defense Missile Launcher : Medium,Land Equipment : Main Icon,Land Equipment;Weapon/Weapon System;Air Defense Missile Launcher;Medium;S*GPEWMAI-*****;FULL_OCTAGON;Point;Weapon/Weapon System : Air Defense Missile Launcher : Medium;15111104,15111104,Point,
{Symbols_Root}\Appendices\Land\15111105.emf,64,Weapon/Weapon System : Air Defense Missile Launcher : Medium TLAR,Land Equipment : Main Icon,Land Equipment;Weapon/Weapon System;Air Defense Missile Launcher;Medium TLAR;S*GPEWMAIR*****;FULL_OCTAGON;Point;Weapon/Weapon System : Air Defense Missile Launcher : Medium TLAR;15111105,15111105,Point,
{Symbols_Root}\Appendices\Land\15111106.emf,64,Weapon/Weapon System : Air Defense Missile Launcher : Medium TELAR Air Defense Missile Launcher,Land Equipment : Main Icon,Land Equipment;Weapon/Weapon System;Air Defense Missile Launcher;Medium TELAR Air Defense Missile Launcher;S*GPEWMAIE*****;FULL_OCTAGON;Point;Weapon/Weapon System : Air Defense Missile Launcher : Medium TELAR Air Defense Missile Launcher;15111106,15111106,Point,
{Symbols_Root}\Appendices\Land\15111107.emf,64,Weapon/Weapon System : Air Defense Missile Launcher : Heavy,Land Equipment : Main Icon,Land Equipment;Weapon/Weapon System;Air Defense Missile Launcher;Heavy;S*GPEWMAL-*****;FULL_OCTAGON;Point;Weapon/Weapon System : Air Defense Missile Launcher : Heavy;15111107,15111107,Point,
{Symbols_Root}\Appendices\Land\15111108.emf,64,Weapon/Weapon System : Air Defense Missile Launcher : Heavy TLAR,Land Equipment : Main Icon,Land Equipment;Weapon/Weapon System;Air Defense Missile Launcher;Heavy TLAR;S*GPEWMALR*****;FULL_OCTAGON;Point;Weapon/Weapon System : Air Defense Missile Launcher : Heavy TLAR;15111108,15111108,Point,
{Symbols_Root}\Appendices\Land\15111109.emf,64,Weapon/Weapon System : Air Defense Missile Launcher : Heavy TELAR,Land Equipment : Main Icon,Land Equipment;Weapon/Weapon System;Air Defense Missile Launcher;Heavy TELAR;S*GPEWMALE*****;FULL_OCTAGON;Point;Weapon/Weapon System : Air Defense Missile Launcher : Heavy TELAR;15111109,15111109,Point,
{Symbols_Root}\Appendices\Land\15111200.emf,64,Weapon/Weapon System : Antitank Missile Launcher,Land Equipment : Main Icon,Land Equipment;Weapon/Weapon System;Antitank Missile Launcher;S*GPEWMT--*****;FULL_OCTAGON;Point;Weapon/Weapon System : Antitank Missile Launcher;15111200,15111200,Point,
{Symbols_Root}\Appendices\Land\15111201.emf,64,Weapon/Weapon System : Antitank Missile Launcher : Light,Land Equipment : Main Icon,Land Equipment;Weapon/Weapon System;Antitank Missile Launcher;Light;S*GPEWMTL-*****;FULL_OCTAGON;Point;Weapon/Weapon System : Antitank Missile Launcher : Light;15111201,15111201,Point,
{Symbols_Root}\Appendices\Land\15111202.emf,64,Weapon/Weapon System : Antitank Missile Launcher : Medium,Land Equipment : Main Icon,Land Equipment;Weapon/Weapon System;Antitank Missile Launcher;Medium;S*GPEWMTM-*****;FULL_OCTAGON;Point;Weapon/Weapon System : Antitank Missile Launcher : Medium;15111202,15111202,Point,
{Symbols_Root}\Appendices\Land\15111203.emf,64,Weapon/Weapon System : Antitank Missile Launcher : Heavy,Land Equipment : Main Icon,Land Equipment;Weapon/Weapon System;Antitank Missile Launcher;Heavy;S*GPEWMTH-*****;FULL_OCTAGON;Point;Weapon/Weapon System : Antitank Missile Launcher : Heavy;15111203,15111203,Point,
{Symbols_Root}\Appendices\Land\15111300.emf,64,Weapon/Weapon System : Surface-to-Surface Missile Launcher,Land Equipment : Main Icon,Land Equipment;Weapon/Weapon System;Surface-to-Surface Missile Launcher;S*GPEWMS--*****;FULL_OCTAGON;Point;Weapon/Weapon System : Surface-to-Surface Missile Launcher;15111300,15111300,Point,
{Symbols_Root}\Appendices\Land\15111301.emf,64,Weapon/Weapon System : Surface-to-Surface Missile Launcher : Light,Land Equipment : Main Icon,Land Equipment;Weapon/Weapon System;Surface-to-Surface Missile Launcher;Light;S*GPEWMSS-*****;FULL_OCTAGON;Point;Weapon/Weapon System : Surface-to-Surface Missile Launcher : Light;15111301,15111301,Point,
{Symbols_Root}\Appendices\Land\15111302.emf,64,Weapon/Weapon System : Surface-to-Surface Missile Launcher : Medium,Land Equipment : Main Icon,Land Equipment;Weapon/Weapon System;Surface-to-Surface Missile Launcher;Medium;S*GPEWMSI-*****;FULL_OCTAGON;Point;Weapon/Weapon System : Surface-to-Surface Missile Launcher : Medium;15111302,15111302,Point,
{Symbols_Root}\Appendices\Land\15111303.emf,64,Weapon/Weapon System : Surface-to-Surface Missile Launcher : Heavy,Land Equipment : Main Icon,Land Equipment;Weapon/Weapon System;Surface-to-Surface Missile Launcher;Heavy;S*GPEWMSL-*****;FULL_OCTAGON;Point;Weapon/Weapon System : Surface-to-Surface Missile Launcher : Heavy;15111303,15111303,Point,
{Symbols_Root}\Appendices\Land\15111400.emf,64,Weapon/Weapon System : Mortar,Land Equipment : Main Icon,Land Equipment;Weapon/Weapon System;Mortar;S*GPEWO---*****;FULL_OCTAGON;Point;Weapon/Weapon System : Mortar;15111400,15111400,Point,
{Symbols_Root}\Appendices\Land\15111401.emf,64,Weapon/Weapon System : Mortar : Light,Land Equipment : Main Icon,Land Equipment;Weapon/Weapon System;Mortar;Light;S*GPEWOL--*****;FULL_OCTAGON;Point;Weapon/Weapon System : Mortar : Light;15111401,15111401,Point,
{Symbols_Root}\Appendices\Land\15111402.emf,64,Weapon/Weapon System : Mortar : Medium,Land Equipment : Main Icon,Land Equipment;Weapon/Weapon System;Mortar;Medium;S*GPEWOM--*****;FULL_OCTAGON;Point;Weapon/Weapon System : Mortar : Medium;15111402,15111402,Point,
{Symbols_Root}\Appendices\Land\15111403.emf,64,Weapon/Weapon System : Mortar : Heavy,Land Equipment : Main Icon,Land Equipment;Weapon/Weapon System;Mortar;Heavy;S*GPEWOH--*****;FULL_OCTAGON;Point;Weapon/Weapon System : Mortar : Heavy;15111403,15111403,Point,
{Symbols_Root}\Appendices\Land\15111500.emf,64,Weapon/Weapon System : Single Rocket Launcher,Land Equipment : Main Icon,Land Equipment;Weapon/Weapon System;Single Rocket Launcher;S*GPEWS---*****;FULL_OCTAGON;Point;Weapon/Weapon System : Single Rocket Launcher;15111500,15111500,Point,
{Symbols_Root}\Appendices\Land\15111501.emf,64,Weapon/Weapon System : Single Rocket Launcher : Light,Land Equipment : Main Icon,Land Equipment;Weapon/Weapon System;Single Rocket Launcher;Light;S*GPEWSL--*****;FULL_OCTAGON;Point;Weapon/Weapon System : Single Rocket Launcher : Light;15111501,15111501,Point,
{Symbols_Root}\Appendices\Land\15111502.emf,64,Weapon/Weapon System : Single Rocket Launcher : Medium,Land Equipment : Main Icon,Land Equipment;Weapon/Weapon System;Single Rocket Launcher;Medium;S*GPEWSM--*****;FULL_OCTAGON;Point;Weapon/Weapon System : Single Rocket Launcher : Medium;15111502,15111502,Point,
{Symbols_Root}\Appendices\Land\15111503.emf,64,Weapon/Weapon System : Single Rocket Launcher : Heavy,Land Equipment : Main Icon,Land Equipment;Weapon/Weapon System;Single Rocket Launcher;Heavy;S*GPEWSH--*****;FULL_OCTAGON;Point;Weapon/Weapon System : Single Rocket Launcher : Heavy;15111503,15111503,Point,
{Symbols_Root}\Appendices\Land\15111600.emf,64,Weapon/Weapon System : Multiple Rocket Launcher,Land Equipment : Main Icon,Land Equipment;Weapon/Weapon System;Multiple Rocket Launcher;S*GPEWX---*****;FULL_OCTAGON;Point;Weapon/Weapon System : Multiple Rocket Launcher;15111600,15111600,Point,
{Symbols_Root}\Appendices\Land\15111601.emf,64,Weapon/Weapon System : Multiple Rocket Launcher : Light,Land Equipment : Main Icon,Land Equipment;Weapon/Weapon System;Multiple Rocket Launcher;Light;S*GPEWXL--*****;FULL_OCTAGON;Point;Weapon/Weapon System : Multiple Rocket Launcher : Light;15111601,15111601,Point,
{Symbols_Root}\Appendices\Land\15111602.emf,64,Weapon/Weapon System : Multiple Rocket Launcher : Medium,Land Equipment : Main Icon,Land Equipment;Weapon/Weapon System;Multiple Rocket Launcher;Medium;S*GPEWXM--*****;FULL_OCTAGON;Point;Weapon/Weapon System : Multiple Rocket Launcher : Medium;15111602,15111602,Point,
{Symbols_Root}\Appendices\Land\15111603.emf,64,Weapon/Weapon System : Multiple Rocket Launcher : Heavy,Land Equipment : Main Icon,Land Equipment;Weapon/Weapon System;Multiple Rocket Launcher;Heavy;S*GPEWXH--*****;FULL_OCTAGON;Point;Weapon/Weapon System : Multiple Rocket Launcher : Heavy;15111603,15111603,Point,
{Symbols_Root}\Appendices\Land\15111700.emf,64,Weapon/Weapon System : Antitank Rocket Launcher,Land Equipment : Main Icon,Land Equipment;Weapon/Weapon System;Antitank Rocket Launcher;S*GPEWT---*****;FULL_OCTAGON;Point;Weapon/Weapon System : Antitank Rocket Launcher;15111700,15111700,Point,
{Symbols_Root}\Appendices\Land\15111701.emf,64,Weapon/Weapon System : Antitank Rocket Launcher : Light,Land Equipment : Main Icon,Land Equipment;Weapon/Weapon System;Antitank Rocket Launcher;Light;S*GPEWTL--*****;FULL_OCTAGON;Point;Weapon/Weapon System : Antitank Rocket Launcher : Light;15111701,15111701,Point,
{Symbols_Root}\Appendices\Land\15111702.emf,64,Weapon/Weapon System : Antitank Rocket Launcher : Medium,Land Equipment : Main Icon,Land Equipment;Weapon/Weapon System;Antitank Rocket Launcher;Medium;S*GPEWTM--*****;FULL_OCTAGON;Point;Weapon/Weapon System : Antitank Rocket Launcher : Medium;15111702,15111702,Point,
{Symbols_Root}\Appendices\Land\15111703.emf,64,Weapon/Weapon System : Antitank Rocket Launcher : Heavy,Land Equipment : Main Icon,Land Equipment;Weapon/Weapon System;Antitank Rocket Launcher;Heavy;S*GPEWTH--*****;FULL_OCTAGON;Point;Weapon/Weapon System : Antitank Rocket Launcher : Heavy;15111703,15111703,Point,
{Symbols_Root}\Appendices\Land\15111800.emf,64,Weapon/Weapon System : Nonlethal Weapon,Land Equipment : Main Icon,Land Equipment;Weapon/Weapon System;Nonlethal Weapon;NEW_AT_2525D;FULL_OCTAGON;Point;Weapon/Weapon System : Nonlethal Weapon;15111800,15111800,Point,
{Symbols_Root}\Appendices\Land\15111900.emf,64,Weapon/Weapon System : Taser,Land Equipment : Main Icon,Land Equipment;Weapon/Weapon System;Taser;NEW_AT_2525D;FULL_OCTAGON;Point;Weapon/Weapon System : Taser;15111900,15111900,Point,
{Symbols_Root}\Appendices\Land\15112000.emf,64,Weapon/Weapon System : Water Cannon,Land Equipment : Main Icon,Land Equipment;Weapon/Weapon System;Water Cannon;NEW_AT_2525D;FULL_OCTAGON;Point;Weapon/Weapon System : Water Cannon;15112000,15112000,Point,
{Symbols_Root}\Appendices\Land\15120000.emf,64,Vehicle,Land Equipment : Main Icon,Land Equipment;Vehicle;S*GPEV----*****;FULL_OCTAGON;Point;Vehicle;15120000,15120000,Point,
{Symbols_Root}\Appendices\Land\15120100.emf,64,Vehicle : Armored Vehicle,Land Equipment : Main Icon,Land Equipment;Vehicle;Armored Vehicle;S*GPEVA---*****;FULL_OCTAGON;Point;Vehicle : Armored Vehicle;15120100,15120100,Point,
{Symbols_Root}\Appendices\Land\15120101.emf,64,Vehicle : Armored Vehicle : Armored Fighting Vehicle,Land Equipment : Main Icon,Land Equipment;Vehicle;Armored Vehicle;Armored Fighting Vehicle;S*GPEVAI--*****;FULL_OCTAGON;Point;Vehicle : Armored Vehicle : Armored Fighting Vehicle;15120101,15120101,Point,
{Symbols_Root}\Appendices\Land\15120102.emf,64,Vehicle : Armored Vehicle : Armored Fighting Vehicle C2,Land Equipment : Main Icon,Land Equipment;Vehicle;Armored Vehicle;Armored Fighting Vehicle Command and Control;S*GPEVAC--*****;FULL_OCTAGON;Point;Vehicle : Armored Vehicle : Armored Fighting Vehicle C2;15120102,15120102,Point,
{Symbols_Root}\Appendices\Land\15120103.emf,64,Vehicle : Armored Vehicle : Armored Personnel Carrier,Land Equipment : Main Icon,Land Equipment;Vehicle;Armored Vehicle;Armored Personnel Carrier;S*GPEVAA--*****;FULL_OCTAGON;Point;Vehicle : Armored Vehicle : Armored Personnel Carrier;15120103,15120103,Point,
{Symbols_Root}\Appendices\Land\15120104.emf,64,Vehicle : Armored Vehicle : Armored Personnel Carrier Ambulance,Land Equipment : Main Icon,Land Equipment;Vehicle;Armored Vehicle;Armored Personnel Carrier Ambulance;S*GPEVUAA-*****;FULL_OCTAGON;Point;Vehicle : Armored Vehicle : Armored Personnel Carrier Ambulance;15120104,15120104,Point,
{Symbols_Root}\Appendices\Land\15120105.emf,64,Vehicle : Armored Vehicle : Armored Protected Vehicle,Land Equipment : Main Icon,Land Equipment;Vehicle;Armored Vehicle;Armored Protected Vehicle;NEW_AT_2525D;MAIN;Point;Vehicle : Armored Vehicle : Armored Protected Vehicle;15120105,15120105,Point,
{Symbols_Root}\Appendices\Land\15120106.emf,64,Vehicle : Armored Vehicle : Armored Protected Vehicle Recovery,Land Equipment : Main Icon,Land Equipment;Vehicle;Armored Vehicle;Armored Protected Vehicle Recovery;NEW_AT_2525D;MAIN;Point;Vehicle : Armored Vehicle : Armored Protected Vehicle Recovery;15120106,15120106,Point,
{Symbols_Root}\Appendices\Land\15120107.emf,64,Vehicle : Armored Vehicle : Armored Protected Medical Evacuation,Land Equipment : Main Icon,Land Equipment;Vehicle;Armored Vehicle;Armored Protected Vehicle Medical Evacuation;NEW_AT_2525D;MAIN;Point;Vehicle : Armored Vehicle : Armored Protected Medical Evacuation;15120107,15120107,Point,
{Symbols_Root}\Appendices\Land\15120108.emf,64,Vehicle : Armored Vehicle : Armored Personnel Carrier-Recovery,Land Equipment : Main Icon,Land Equipment;Vehicle;Armored Vehicle;Armored Personnel Carrier-Recovery;S*GPEVAAR-*****;FULL_OCTAGON;Point;Vehicle : Armored Vehicle : Armored Personnel Carrier-Recovery;15120108,15120108,Point,
{Symbols_Root}\Appendices\Land\15120109.emf,64,Vehicle : Armored Vehicle : Combat Service Support Vehicle,Land Equipment : Main Icon,Land Equipment;Vehicle;Armored Vehicle;Combat Service Support Vehicle;S*GPEVAS--*****;FULL_OCTAGON;Point;Vehicle : Armored Vehicle : Combat Service Support Vehicle;15120109,15120109,Point,
{Symbols_Root}\Appendices\Land\15120110.emf,64,Vehicle : Armored Vehicle : Light Wheeled Armored Vehicle,Land Equipment : Main Icon,Land Equipment;Vehicle;Armored Vehicle;Light Wheeled Armored Vehicle;S*GPEVAL--*****;FULL_OCTAGON;Point;Vehicle : Armored Vehicle : Light Wheeled Armored Vehicle;15120110,15120110,Point,
{Symbols_Root}\Appendices\Land\15120200.emf,64,Vehicle : Tank,Land Equipment : Main Icon,Land Equipment;Vehicle;Tank;S*GPEVAT--*****;FULL_OCTAGON;Point;Vehicle : Tank;15120200,15120200,Point,
{Symbols_Root}\Appendices\Land\15120201.emf,64,Vehicle : Tank : Light,Land Equipment : Main Icon,Land Equipment;Vehicle;Tank;Light;S*GPEVATL-*****;FULL_OCTAGON;Point;Vehicle : Tank : Light;15120201,15120201,Point,
{Symbols_Root}\Appendices\Land\15120202.emf,64,Vehicle : Tank : Medium,Land Equipment : Main Icon,Land Equipment;Vehicle;Tank;Medium;S*GPEVATM-*****;FULL_OCTAGON;Point;Vehicle : Tank : Medium;15120202,15120202,Point,
{Symbols_Root}\Appendices\Land\15120203.emf,64,Vehicle : Tank : Heavy,Land Equipment : Main Icon,Land Equipment;Vehicle;Tank;Heavy;S*GPEVATH-*****;FULL_OCTAGON;Point;Vehicle : Tank : Heavy;15120203,15120203,Point,
{Symbols_Root}\Appendices\Land\15120300.emf,64,Vehicle : Tank Recovery Vehicle,Land Equipment : Main Icon,Land Equipment;Vehicle;Tank Recovery Vehicle;NEW_AT_2525D;FULL_OCTAGON;Point;Vehicle : Tank Recovery Vehicle;15120300,15120300,Point,
{Symbols_Root}\Appendices\Land\15120301.emf,64,Vehicle : Tank Recovery Vehicle : Light,Land Equipment : Main Icon,Land Equipment;Vehicle;Tank Recovery Vehicle;Light;S*GPEVATLR*****;FULL_OCTAGON;Point;Vehicle : Tank Recovery Vehicle : Light;15120301,15120301,Point,
{Symbols_Root}\Appendices\Land\15120302.emf,64,Vehicle : Tank Recovery Vehicle : Medium,Land Equipment : Main Icon,Land Equipment;Vehicle;Tank Recovery Vehicle;Medium;S*GPEVATMR*****;FULL_OCTAGON;Point;Vehicle : Tank Recovery Vehicle : Medium;15120302,15120302,Point,
{Symbols_Root}\Appendices\Land\15120303.emf,64,Vehicle : Tank Recovery Vehicle : Heavy,Land Equipment : Main Icon,Land Equipment;Vehicle;Tank Recovery Vehicle;Heavy;S*GPEVATHR*****;FULL_OCTAGON;Point;Vehicle : Tank Recovery Vehicle : Heavy;15120303,15120303,Point,
{Symbols_Root}\Appendices\Land\15130000.emf,64,Engineer Equipment,Land Equipment : Main Icon,Land Equipment;Engineer Vehicles and Equipment;S*GPEVE---*****;FULL_OCTAGON;Point;Engineer Equipment;15130000,15130000,Point,
{Symbols_Root}\Appendices\Land\15130100.emf,64,Engineer Equipment : Bridge,Land Equipment : Main Icon,Land Equipment;Engineer Vehicles and Equipment;Bridge;S*GPEVEB--*****;FULL_OCTAGON;Point;Engineer Equipment : Bridge;15130100,15130100,Point,
{Symbols_Root}\Appendices\Land\15130200.emf,64,Engineer Equipment : Bridge Mounted on Utility Vehicle,Land Equipment : Main Icon,Land Equipment;Engineer Vehicles and Equipment;Bridge Mounted on Utility Vehicle;NEW_AT_2525D;FULL_OCTAGON;Point;Engineer Equipment : Bridge Mounted on Utility Vehicle;15130200,15130200,Point,
{Symbols_Root}\Appendices\Land\15130300.emf,64,Engineer Equipment : Fixed Bridge,Land Equipment : Main Icon,Land Equipment;Engineer Vehicles and Equipment;Fixed Bridge;NEW_AT_2525D;FULL_OCTAGON;Point;Engineer Equipment : Fixed Bridge;15130300,15130300,Point,
{Symbols_Root}\Appendices\Land\15130400.emf,64,Engineer Equipment : Floating Bridge,Land Equipment : Main Icon,Land Equipment;Engineer Vehicles and Equipment;Floating Bridge;NEW_AT_2525D;FULL_OCTAGON;Point;Engineer Equipment : Floating Bridge;15130400,15130400,Point,
{Symbols_Root}\Appendices\Land\15130500.emf,64,Engineer Equipment : Folding Girder Bridge,Land Equipment : Main Icon,Land Equipment;Engineer Vehicles and Equipment;Folding Girder Bridge;NEW_AT_2525D;FULL_OCTAGON;Point;Engineer Equipment : Folding Girder Bridge;15130500,15130500,Point,
{Symbols_Root}\Appendices\Land\15130600.emf,64,Engineer Equipment : Hollow Deck Bridge,Land Equipment : Main Icon,Land Equipment;Engineer Vehicles and Equipment;Hollow Deck Bridge;NEW_AT_2525D;FULL_OCTAGON;Point;Engineer Equipment : Hollow Deck Bridge;15130600,15130600,Point,
{Symbols_Root}\Appendices\Land\15130700.emf,64,Engineer Equipment : Drill,Land Equipment : Main Icon,Land Equipment;Engineer Vehicles and Equipment;Drill;NEW_AT_2525D;FULL_OCTAGON;Point;Engineer Equipment : Drill;15130700,15130700,Point,
{Symbols_Root}\Appendices\Land\15130701.emf,64,Engineer Equipment : Drill : Drill Mounted on Utility Vehicle,Land Equipment : Main Icon,Land Equipment;Engineer Vehicles and Equipment;Drill;Drill Mounted on Utility Vehicle;NEW_AT_2525D;FULL_OCTAGON;Point;Engineer Equipment : Drill : Drill Mounted on Utility Vehicle;15130701,15130701,Point,
{Symbols_Root}\Appendices\Land\15130800.emf,64,Engineer Equipment : Earthmover,Land Equipment : Main Icon,Land Equipment;Engineer Vehicles and Equipment;Earthmover;S*GPEVEE--*****;FULL_OCTAGON;Point;Engineer Equipment : Earthmover;15130800,15130800,Point,
{Symbols_Root}\Appendices\Land\15130801.emf,64,Engineer Equipment : Earthmover : Multifunctional Earthmover/Digger,Land Equipment : Main Icon,Land Equipment;Engineer Vehicles and Equipment;Earthmover;Multifunctional Earthmover/Digger;NEW_AT_2525D;FULL_OCTAGON;Point;Engineer Equipment : Earthmover : Multifunctional Earthmover/Digger;15130801,15130801,Point,
{Symbols_Root}\Appendices\Land\15130900.emf,64,Engineer Equipment : Mine Clearing Equipment,Land Equipment : Main Icon,Land Equipment;Engineer Vehicles and Equipment;Mine Clearing Equipment;S*GPEVEA--*****;FULL_OCTAGON;Point;Engineer Equipment : Mine Clearing Equipment;15130900,15130900,Point,
{Symbols_Root}\Appendices\Land\15130901.emf,64,Engineer Equipment : Mine Clearing Equipment : Trailer Mounted,Land Equipment : Main Icon,Land Equipment;Engineer Vehicles and Equipment;Mine Clearing Equipment;Trailer Mounted;S*GPEVEAT-*****;FULL_OCTAGON;Point;Engineer Equipment : Mine Clearing Equipment : Trailer Mounted;15130901,15130901,Point,
{Symbols_Root}\Appendices\Land\15130902.emf,64,Engineer Equipment : Mine Clearing Equipment : Mine Clearing Equipment on Tank Chassis,Land Equipment : Main Icon,Land Equipment;Engineer Vehicles and Equipment;Mine Clearing Equipment;Mine Clearing Equipment on Tank Chassis;S*GPEVEAA-*****;FULL_OCTAGON;Point;Engineer Equipment : Mine Clearing Equipment : Mine Clearing Equipment on Tank Chassis;15130902,15130902,Point,
{Symbols_Root}\Appendices\Land\15131000.emf,64,Engineer Equipment : Mine Laying Equipment,Land Equipment : Main Icon,Land Equipment;Engineer Vehicles and Equipment;Mine Laying Equipment;S*GPEVEM--*****;FULL_OCTAGON;Point;Engineer Equipment : Mine Laying Equipment;15131000,15131000,Point,
{Symbols_Root}\Appendices\Land\15131001.emf,64,Engineer Equipment : Mine Laying Equipment : Mine Laying Equipment on Utility Vehicle,Land Equipment : Main Icon,Land Equipment;Engineer Vehicles and Equipment;Mine Laying Equipment;Mine Laying Equipment on Utility Vehicle;NEW_AT_2525D;FULL_OCTAGON;Point;Engineer Equipment : Mine Laying Equipment : Mine Laying Equipment on Utility Vehicle;15131001,15131001,Point,
{Symbols_Root}\Appendices\Land\15131002.emf,64,Engineer Equipment : Mine Laying Equipment : Armored Carrier with Volcano,Land Equipment : Main Icon,Land Equipment;Engineer Vehicles and Equipment;Mine Laying Equipment;Armored Carrier with Volcano;S*GPEVEMV-*****;FULL_OCTAGON;Point;Engineer Equipment : Mine Laying Equipment : Armored Carrier with Volcano;15131002,15131002,Point,
{Symbols_Root}\Appendices\Land\15131003.emf,64,Engineer Equipment : Mine Laying Equipment : Truck Mounted with Volcano,Land Equipment : Main Icon,Land Equipment;Engineer Vehicles and Equipment;Mine Laying Equipment;Truck Mounted with Volcano;S*GPEVEML-*****;FULL_OCTAGON;Point;Engineer Equipment : Mine Laying Equipment : Truck Mounted with Volcano;15131003,15131003,Point,
{Symbols_Root}\Appendices\Land\15131100.emf,64,Engineer Equipment : Dozer,Land Equipment : Main Icon,Land Equipment;Engineer Vehicles and Equipment;Dozer;S*GPEVED--*****;FULL_OCTAGON;Point;Engineer Equipment : Dozer;15131100,15131100,Point,
{Symbols_Root}\Appendices\Land\15131101.emf,64,Engineer Equipment : Dozer : Dozer-Armored,Land Equipment : Main Icon,Land Equipment;Engineer Vehicles and Equipment;Dozer;Dozer-Armored;S*GPEVEDA-*****;FULL_OCTAGON;Point;Engineer Equipment : Dozer : Dozer-Armored;15131101,15131101,Point,
{Symbols_Root}\Appendices\Land\15131200.emf,64,Engineer Equipment : Armored Assault,Land Equipment : Main Icon,Land Equipment;Engineer Vehicles and Equipment;Armored Assault;S*GPEVES--*****;FULL_OCTAGON;Point;Engineer Equipment : Armored Assault;15131200,15131200,Point,
{Symbols_Root}\Appendices\Land\15131300.emf,64,Engineer Equipment : Armored Engineer Recon Vehicle (AERV),Land Equipment : Main Icon,Land Equipment;Engineer Vehicles and Equipment;Armored Engineer Recon Vehicle (AERV);S*GPEVER--*****;FULL_OCTAGON;Point;Engineer Equipment : Armored Engineer Recon Vehicle (AERV);15131300,15131300,Point,
{Symbols_Root}\Appendices\Land\15131400.emf,64,Engineer Equipment : Backhoe,Land Equipment : Main Icon,Land Equipment;Engineer Vehicles and Equipment;Backhoe;S*GPEVEH--*****;FULL_OCTAGON;Point;Engineer Equipment : Backhoe;15131400,15131400,Point,
{Symbols_Root}\Appendices\Land\15131500.emf,64,Engineer Equipment : Construction Vehicle,Land Equipment : Main Icon,Land Equipment;Engineer Vehicles and Equipment;Construction Vehicle;S*GPEVEC--*****;FULL_OCTAGON;Point;Engineer Equipment : Construction Vehicle;15131500,15131500,Point,
{Symbols_Root}\Appendices\Land\15131600.emf,64,Engineer Equipment : Ferry Transporter,Land Equipment : Main Icon,Land Equipment;Engineer Vehicles and Equipment;Ferry Transporter;S*GPEVEF--*****;FULL_OCTAGON;Point;Engineer Equipment : Ferry Transporter;15131600,15131600,Point,
{Symbols_Root}\Appendices\Land\15140100.emf,64,Utility Vehicles : Utility Vehicle,Land Equipment : Main Icon,Land Equipment;Utility Vehicles;Utility Vehicle;S*GPEVU---*****;FULL_OCTAGON;Point;Utility Vehicles : Utility Vehicle;15140100,15140100,Point,
{Symbols_Root}\Appendices\Land\15140200.emf,64,Utility Vehicles : Medical,Land Equipment : Main Icon,Land Equipment;Utility Vehicles;Medical;NEW_AT_2525D;FULL_OCTAGON;Point;Utility Vehicles : Medical;15140200,15140200,Point,
{Symbols_Root}\Appendices\Land\15140300.emf,64,Utility Vehicles : Medical Evacuation,Land Equipment : Main Icon,Land Equipment;Utility Vehicles;Medical Evacuation;S*GPEVUA--*****;FULL_OCTAGON;Point;Utility Vehicles : Medical Evacuation;15140300,15140300,Point,
{Symbols_Root}\Appendices\Land\15140400.emf,64,Utility Vehicles : Mobile Emergency Physician,Land Equipment : Main Icon,Land Equipment;Utility Vehicles;Mobile Emergency Physician;NEW_AT_2525D;FULL_OCTAGON;Point;Utility Vehicles : Mobile Emergency Physician;15140400,15140400,Point,
{Symbols_Root}\Appendices\Land\15140500.emf,64,Utility Vehicles : Bus,Land Equipment : Main Icon,Land Equipment;Utility Vehicles;Bus;S*GPEVUB--*****;FULL_OCTAGON;Point;Utility Vehicles : Bus;15140500,15140500,Point,
{Symbols_Root}\Appendices\Land\15140600.emf,64,Utility Vehicles : Semi-Trailer and Truck,Land Equipment : Main Icon,Land Equipment;Utility Vehicles;Semi-Trailer and Truck;S*GPEVUS--*****;FULL_OCTAGON;Point;Utility Vehicles : Semi-Trailer and Truck;15140600,15140600,Point,
{Symbols_Root}\Appendices\Land\15140601.emf,64,Utility Vehicles : Semi-Trailer and Truck : Light,Land Equipment : Main Icon,Land Equipment;Utility Vehicles;Semi-Trailer and Truck;Light;S*GPEVUSL-*****;FULL_OCTAGON;Point;Utility Vehicles : Semi-Trailer and Truck : Light;15140601,15140601,Point,
{Symbols_Root}\Appendices\Land\15140602.emf,64,Utility Vehicles : Semi-Trailer and Truck : Medium,Land Equipment : Main Icon,Land Equipment;Utility Vehicles;Semi-Trailer and Truck;Medium;S*GPEVUSM-*****;FULL_OCTAGON;Point;Utility Vehicles : Semi-Trailer and Truck : Medium;15140602,15140602,Point,
{Symbols_Root}\Appendices\Land\15140603.emf,64,Utility Vehicles : Semi-Trailer and Truck : Heavy,Land Equipment : Main Icon,Land Equipment;Utility Vehicles;Semi-Trailer and Truck;Heavy;S*GPEVUSH-*****;FULL_OCTAGON;Point;Utility Vehicles : Semi-Trailer and Truck : Heavy;15140603,15140603,Point,
{Symbols_Root}\Appendices\Land\15140700.emf,64,Utility Vehicles : Limited Cross Country Truck,Land Equipment : Main Icon,Land Equipment;Utility Vehicles;Limited Cross Country Truck;S*GPEVUL--*****;FULL_OCTAGON;Point;Utility Vehicles : Limited Cross Country Truck;15140700,15140700,Point,
{Symbols_Root}\Appendices\Land\15140800.emf,64,Utility Vehicles : Cross Country Truck,Land Equipment : Main Icon,Land Equipment;Utility Vehicles;Cross Country Truck;S*GPEVUX--*****;FULL_OCTAGON;Point;Utility Vehicles : Cross Country Truck;15140800,15140800,Point,
{Symbols_Root}\Appendices\Land\15140900.emf,64,Utility Vehicles : Petroleum-Oil and Lubricant,Land Equipment : Main Icon,Land Equipment;Utility Vehicles;Petroleum-Oil and Lubricant;NEW_AT_2525D;FULL_OCTAGON;Point;Utility Vehicles : Petroleum-Oil and Lubricant;15140900,15140900,Point,
{Symbols_Root}\Appendices\Land\15141000.emf,64,Utility Vehicles : Water,Land Equipment : Main Icon,Land Equipment;Utility Vehicles;Water;NEW_AT_2525D;FULL_OCTAGON;Point;Utility Vehicles : Water;15141000,15141000,Point,
{Symbols_Root}\Appendices\Land\15141100.emf,64,Utility Vehicles : Amphibious Utility Wheeled Vehicle,Land Equipment : Main Icon,Land Equipment;Utility Vehicles;Amphibious Utility Wheeled Vehicle;S*GPEVUR--*****;FULL_OCTAGON;Point;Utility Vehicles : Amphibious Utility Wheeled Vehicle;15141100,15141100,Point,
{Symbols_Root}\Appendices\Land\15141200.emf,64,Utility Vehicles : Tow Truck,Land Equipment : Main Icon,Land Equipment;Utility Vehicles;Tow Truck;S*GPEVUT--*****;FULL_OCTAGON;Point;Utility Vehicles : Tow Truck;15141200,15141200,Point,
{Symbols_Root}\Appendices\Land\15141201.emf,64,Utility Vehicles : Tow Truck : Light,Land Equipment : Main Icon,Land Equipment;Utility Vehicles;Tow Truck;Light;S*GPEVUTL-*****;FULL_OCTAGON;Point;Utility Vehicles : Tow Truck : Light;15141201,15141201,Point,
{Symbols_Root}\Appendices\Land\15141202.emf,64,Utility Vehicles : Tow Truck : Heavy,Land Equipment : Main Icon,Land Equipment;Utility Vehicles;Tow Truck;Heavy;S*GPEVUTH-*****;FULL_OCTAGON;Point;Utility Vehicles : Tow Truck : Heavy;15141202,15141202,Point,
{Symbols_Root}\Appendices\Land\15150100.emf,64,Train : Locomotive,Land Equipment : Main Icon,Land Equipment;Train;Locomotive;S*GPEVT---*****;FULL_OCTAGON;Point;Train : Locomotive;15150100,15150100,Point,
{Symbols_Root}\Appendices\Land\15150200.emf,64,Train : Railcar,Land Equipment : Main Icon,Land Equipment;Train;Railcar;NEW_AT_2525D;FULL_OCTAGON;Point;Train : Railcar;15150200,15150200,Point,
{Symbols_Root}\Appendices\Land\15160100.emf,64,Civilian Vehicle : Automobile,Land Equipment : Main Icon,Land Equipment;Civilian Vehicle;Automobile;S*GPEVCA--*****;FULL_OCTAGON;Point;Civilian Vehicle : Automobile;15160100,15160100,Point,
{Symbols_Root}\Appendices\Land\15160101.emf,64,Civilian Vehicle : Automobile : Compact,Land Equipment : Main Icon,Land Equipment;Civilian Vehicle;Automobile;Compact;S*GPEVCAL-*****;FULL_OCTAGON;Point;Civilian Vehicle : Automobile : Compact;15160101,15160101,Point,
{Symbols_Root}\Appendices\Land\15160102.emf,64,Civilian Vehicle : Automobile : Midsize,Land Equipment : Main Icon,Land Equipment;Civilian Vehicle;Automobile;Midsize;S*GPEVCAM-*****;FULL_OCTAGON;Point;Civilian Vehicle : Automobile : Midsize;15160102,15160102,Point,
{Symbols_Root}\Appendices\Land\15160103.emf,64,Civilian Vehicle : Automobile : Sedan,Land Equipment : Main Icon,Land Equipment;Civilian Vehicle;Automobile;Sedan;S*GPEVCAH-*****;FULL_OCTAGON;Point;Civilian Vehicle : Automobile : Sedan;15160103,15160103,Point,
{Symbols_Root}\Appendices\Land\15160200.emf,64,Civilian Vehicle : Open-Bed Truck,Land Equipment : Main Icon,Land Equipment;Civilian Vehicle;Open-Bed Truck;S*GPEVCO--*****;FULL_OCTAGON;Point;Civilian Vehicle : Open-Bed Truck;15160200,15160200,Point,
{Symbols_Root}\Appendices\Land\15160201.emf,64,Civilian Vehicle : Open-Bed Truck : Pickup,Land Equipment : Main Icon,Land Equipment;Civilian Vehicle;Open-Bed Truck;Pickup;S*GPEVCOL-*****;FULL_OCTAGON;Point;Civilian Vehicle : Open-Bed Truck : Pickup;15160201,15160201,Point,
{Symbols_Root}\Appendices\Land\15160202.emf,64,Civilian Vehicle : Open-Bed Truck : Small,Land Equipment : Main Icon,Land Equipment;Civilian Vehicle;Open-Bed Truck;Small;S*GPEVCOM-*****;FULL_OCTAGON;Point;Civilian Vehicle : Open-Bed Truck : Small;15160202,15160202,Point,
{Symbols_Root}\Appendices\Land\15160203.emf,64,Civilian Vehicle : Open-Bed Truck : Large,Land Equipment : Main Icon,Land Equipment;Civilian Vehicle;Open-Bed Truck;Large;S*GPEVCOH-*****;FULL_OCTAGON;Point;Civilian Vehicle : Open-Bed Truck : Large;15160203,15160203,Point,
{Symbols_Root}\Appendices\Land\15160300.emf,64,Civilian Vehicle : Multiple Passenger Vehicle,Land Equipment : Main Icon,Land Equipment;Civilian Vehicle;Multiple Passenger Vehicle;S*GPEVCM--*****;FULL_OCTAGON;Point;Civilian Vehicle : Multiple Passenger Vehicle;15160300,15160300,Point,
{Symbols_Root}\Appendices\Land\15160301.emf,64,Civilian Vehicle : Multiple Passenger Vehicle : Van,Land Equipment : Main Icon,Land Equipment;Civilian Vehicle;Multiple Passenger Vehicle;Van;S*GPEVCML-*****;FULL_OCTAGON;Point;Civilian Vehicle : Multiple Passenger Vehicle : Van;15160301,15160301,Point,
{Symbols_Root}\Appendices\Land\15160302.emf,64,Civilian Vehicle : Multiple Passenger Vehicle : Small Bus,Land Equipment : Main Icon,Land Equipment;Civilian Vehicle;Multiple Passenger Vehicle;Small Bus;S*GPEVCMM-*****;FULL_OCTAGON;Point;Civilian Vehicle : Multiple Passenger Vehicle : Small Bus;15160302,15160302,Point,
{Symbols_Root}\Appendices\Land\15160303.emf,64,Civilian Vehicle : Multiple Passenger Vehicle : Large Bus,Land Equipment : Main Icon,Land Equipment;Civilian Vehicle;Multiple Passenger Vehicle;Large Bus;S*GPEVCMH-*****;FULL_OCTAGON;Point;Civilian Vehicle : Multiple Passenger Vehicle : Large Bus;15160303,15160303,Point,
{Symbols_Root}\Appendices\Land\15160400.emf,64,Civilian Vehicle : Utility Vehicle,Land Equipment : Main Icon,Land Equipment;Civilian Vehicle;Utility Vehicle;S*GPEVCU--*****;FULL_OCTAGON;Point;Civilian Vehicle : Utility Vehicle;15160400,15160400,Point,
{Symbols_Root}\Appendices\Land\15160401.emf,64,Civilian Vehicle : Utility Vehicle : Sport Utility Vehicle (SUV),Land Equipment : Main Icon,Land Equipment;Civilian Vehicle;Utility Vehicle;Sport Utility Vehicle (SUV);S*GPEVCUL-*****;FULL_OCTAGON;Point;Civilian Vehicle : Utility Vehicle : Sport Utility Vehicle (SUV);15160401,15160401,Point,
{Symbols_Root}\Appendices\Land\15160402.emf,64,Civilian Vehicle : Utility Vehicle : Small Box Truck,Land Equipment : Main Icon,Land Equipment;Civilian Vehicle;Utility Vehicle;Small Box Truck;S*GPEVCUM-*****;FULL_OCTAGON;Point;Civilian Vehicle : Utility Vehicle : Small Box Truck;15160402,15160402,Point,
{Symbols_Root}\Appendices\Land\15160403.emf,64,Civilian Vehicle : Utility Vehicle : Large Box Truck,Land Equipment : Main Icon,Land Equipment;Civilian Vehicle;Utility Vehicle;Large Box Truck;S*GPEVCUH-*****;FULL_OCTAGON;Point;Civilian Vehicle : Utility Vehicle : Large Box Truck;15160403,15160403,Point,
{Symbols_Root}\Appendices\Land\15160500.emf,64,Civilian Vehicle : Jeep Type Vehicle,Land Equipment : Main Icon,Land Equipment;Civilian Vehicle;Jeep Type Vehicle;S*GPEVCJ--*****;FULL_OCTAGON;Point;Civilian Vehicle : Jeep Type Vehicle;15160500,15160500,Point,
{Symbols_Root}\Appendices\Land\15160501.emf,64,Civilian Vehicle : Jeep Type Vehicle : Small/Light,Land Equipment : Main Icon,Land Equipment;Civilian Vehicle;Jeep Type Vehicle;Small/Light;S*GPEVCJL-*****;FULL_OCTAGON;Point;Civilian Vehicle : Jeep Type Vehicle : Small/Light;15160501,15160501,Point,
{Symbols_Root}\Appendices\Land\15160502.emf,64,Civilian Vehicle : Jeep Type Vehicle : Medium,Land Equipment : Main Icon,Land Equipment;Civilian Vehicle;Jeep Type Vehicle;Medium;S*GPEVCJM-*****;FULL_OCTAGON;Point;Civilian Vehicle : Jeep Type Vehicle : Medium;15160502,15160502,Point,
{Symbols_Root}\Appendices\Land\15160503.emf,64,Civilian Vehicle : Jeep Type Vehicle : Large/Heavy,Land Equipment : Main Icon,Land Equipment;Civilian Vehicle;Jeep Type Vehicle;Large/Heavy;S*GPEVCJH-*****;FULL_OCTAGON;Point;Civilian Vehicle : Jeep Type Vehicle : Large/Heavy;15160503,15160503,Point,
{Symbols_Root}\Appendices\Land\15160600.emf,64,Civilian Vehicle : Tractor Trailer with Box,Land Equipment : Main Icon,Land Equipment;Civilian Vehicle;Tractor Trailer Truck with Box;S*GPEVCT--*****;FULL_OCTAGON;Point;Civilian Vehicle : Tractor Trailer with Box;15160600,15160600,Point,
{Symbols_Root}\Appendices\Land\15160601.emf,64,Civilian Vehicle : Tractor Trailer with Box : Small/Light,Land Equipment : Main Icon,Land Equipment;Civilian Vehicle;Tractor Trailer Truck with Box;Small/Light;S*GPEVCTL-*****;FULL_OCTAGON;Point;Civilian Vehicle : Tractor Trailer with Box : Small/Light;15160601,15160601,Point,
{Symbols_Root}\Appendices\Land\15160602.emf,64,Civilian Vehicle : Tractor Trailer with Box : Medium,Land Equipment : Main Icon,Land Equipment;Civilian Vehicle;Tractor Trailer Truck with Box;Medium;S*GPEVCTM-*****;FULL_OCTAGON;Point;Civilian Vehicle : Tractor Trailer with Box : Medium;15160602,15160602,Point,
{Symbols_Root}\Appendices\Land\15160603.emf,64,Civilian Vehicle : Tractor Trailer with Box : Large/Heavy,Land Equipment : Main Icon,Land Equipment;Civilian Vehicle;Tractor Trailer Truck with Box;Large/Heavy;S*GPEVCTH-*****;FULL_OCTAGON;Point;Civilian Vehicle : Tractor Trailer with Box : Large/Heavy;15160603,15160603,Point,
{Symbols_Root}\Appendices\Land\15160700.emf,64,Civilian Vehicle : Tractor Trailer with Flatbed,Land Equipment : Main Icon,Land Equipment;Civilian Vehicle;Tractor Trailer Truck with Flatbed Trailer;S*GPEVCF--*****;FULL_OCTAGON;Point;Civilian Vehicle : Tractor Trailer with Flatbed;15160700,15160700,Point,
{Symbols_Root}\Appendices\Land\15160701.emf,64,Civilian Vehicle : Tractor Trailer with Flatbed : Small/Light,Land Equipment : Main Icon,Land Equipment;Civilian Vehicle;Tractor Trailer Truck with Flatbed Trailer;Small/Light;S*GPEVCFL-*****;FULL_OCTAGON;Point;Civilian Vehicle : Tractor Trailer with Flatbed : Small/Light;15160701,15160701,Point,
{Symbols_Root}\Appendices\Land\15160702.emf,64,Civilian Vehicle : Tractor Trailer with Flatbed : Medium,Land Equipment : Main Icon,Land Equipment;Civilian Vehicle;Tractor Trailer Truck with Flatbed Trailer;Medium;S*GPEVCFM-*****;FULL_OCTAGON;Point;Civilian Vehicle : Tractor Trailer with Flatbed : Medium;15160702,15160702,Point,
{Symbols_Root}\Appendices\Land\15160703.emf,64,Civilian Vehicle : Tractor Trailer with Flatbed : Large/Heavy,Land Equipment : Main Icon,Land Equipment;Civilian Vehicle;Tractor Trailer Truck with Flatbed Trailer;Large/Heavy;S*GPEVCFH-*****;FULL_OCTAGON;Point;Civilian Vehicle : Tractor Trailer with Flatbed : Large/Heavy;15160703,15160703,Point,
{Symbols_Root}\Appendices\Land\15160800.emf,64,Civilian Vehicle : Known Insurgent Vehicle,Land Equipment : Main Icon,Land Equipment;Civilian Vehicle;Known Insurgent Vehicle;O*IPI-----*****;MAIN;Point;Civilian Vehicle : Known Insurgent Vehicle;15160800,15160800,Point,
{Symbols_Root}\Appendices\Land\15160900.emf,64,Civilian Vehicle : Drug Vehicle,Land Equipment : Main Icon,Land Equipment;Civilian Vehicle;Drug Vehicle;O*IPD-----*****;MAIN;Point;Civilian Vehicle : Drug Vehicle;15160900,15160900,Point,
{Symbols_Root}\Appendices\Land\15170000.emf,64,Law Enforcement (Land Equipment),Land Equipment : Main Icon,Land Equipment;Law Enforcement;E*OPDB----*****;FULL_OCTAGON;Point;Law Enforcement (Land Equipment);15170000,15170000,Point,
{Symbols_Root}\Appendices\Land\15170100.emf,64,Law Enforcement (Land Equipment) : ATF DOJ,Land Equipment : Main Icon,Land Equipment;Law Enforcement;Bureau of Alcohol-Tobacco-Firearms and Explosives (ATF) (Department of Justice);E*OPDDB---*****;MAIN;Point;Law Enforcement (Land Equipment) : ATF DOJ;15170100,15170100,Point,
{Symbols_Root}\Appendices\Land\15170200.emf,64,Law Enforcement (Land Equipment) : Border Patrol,Land Equipment : Main Icon,Land Equipment;Law Enforcement;Border Patrol;E*OPDEB---*****;FULL_OCTAGON;Point;Law Enforcement (Land Equipment) : Border Patrol;15170200,15170200,Point,
{Symbols_Root}\Appendices\Land\15170300.emf,64,Law Enforcement (Land Equipment) : Customs Service,Land Equipment : Main Icon,Land Equipment;Law Enforcement;Customs Service;E*OPDFB---*****;FULL_OCTAGON;Point;Law Enforcement (Land Equipment) : Customs Service;15170300,15170300,Point,
{Symbols_Root}\Appendices\Land\15170400.emf,64,Law Enforcement (Land Equipment) : DEA,Land Equipment : Main Icon,Land Equipment;Law Enforcement;Drug Enforcement Administration (DEA);E*OPDGB---*****;MAIN;Point;Law Enforcement (Land Equipment) : DEA;15170400,15170400,Point,
{Symbols_Root}\Appendices\Land\15170500.emf,64,Law Enforcement (Land Equipment) : DOJ,Land Equipment : Main Icon,Land Equipment;Law Enforcement;Department of Justice (DOJ);E*OPDHB---*****;FULL_OCTAGON;Point;Law Enforcement (Land Equipment) : DOJ;15170500,15170500,Point,
{Symbols_Root}\Appendices\Land\15170600.emf,64,Law Enforcement (Land Equipment) : FBI,Land Equipment : Main Icon,Land Equipment;Law Enforcement;Federal Bureau of Investigation (FBI);E*OPDIB---*****;MAIN;Point;Law Enforcement (Land Equipment) : FBI;15170600,15170600,Point,
{Symbols_Root}\Appendices\Land\15170700.emf,64,Law Enforcement (Land Equipment) : Police,Land Equipment : Main Icon,Land Equipment;Law Enforcement;Police;E*OPDJB---*****;MAIN;Point;Law Enforcement (Land Equipment) : Police;15170700,15170700,Point,
{Symbols_Root}\Appendices\Land\15170800.emf,64,Law Enforcement (Land Equipment) : US Secret Service (USSS),Land Equipment : Main Icon,Land Equipment;Law Enforcement;United States Secret Service (USSS);E*OPDLB---*****;MAIN;Point;Law Enforcement (Land Equipment) : US Secret Service (USSS);15170800,15170800,Point,
{Symbols_Root}\Appendices\Land\15170900.emf,64,Law Enforcement (Land Equipment) : TSA,Land Equipment : Main Icon,Land Equipment;Law Enforcement;Transportation Security Administration (TSA);E*OPDMB---*****;MAIN;Point;Law Enforcement (Land Equipment) : TSA;15170900,15170900,Point,
{Symbols_Root}\Appendices\Land\15171000.emf,64,Law Enforcement (Land Equipment) : Coast Guard,Land Equipment : Main Icon,Land Equipment;Law Enforcement;Coast Guard;NEW_AT_2525D;FULL_OCTAGON;Point;Law Enforcement (Land Equipment) : Coast Guard;15171000,15171000,Point,
{Symbols_Root}\Appendices\Land\15171100.emf,64,Law Enforcement (Land Equipment) : US Marshals Service,Land Equipment : Main Icon,Land Equipment;Law Enforcement;US Marshals Service;E*OPDOB---*****;FULL_OCTAGON;Point;Law Enforcement (Land Equipment) : US Marshals Service;15171100,15171100,Point,
{Symbols_Root}\Appendices\Land\15180000.emf,64,Pack Animals,Land Equipment : Main Icon,Land Equipment;Pack Animals;S*GPEVM---*****;FULL_OCTAGON;Point;Pack Animals;15180000,15180000,Point,
{Symbols_Root}\Appendices\Land\15190000.emf,64,Missile Support,Land Equipment : Main Icon,Land Equipment;Missile Support;S*GPEVS---*****;FULL_OCTAGON;Point;Missile Support;15190000,15190000,Point,
{Symbols_Root}\Appendices\Land\15190100.emf,64,Missile Support : Transloader,Land Equipment : Main Icon,Land Equipment;Missile Support;Transloader;S*GPEVST--*****;FULL_OCTAGON;Point;Missile Support : Transloader;15190100,15190100,Point,
{Symbols_Root}\Appendices\Land\15190200.emf,64,Missile Support : Transporter,Land Equipment : Main Icon,Land Equipment;Missile Support;Transporter;S*GPEVSR--*****;FULL_OCTAGON;Point;Missile Support : Transporter;15190200,15190200,Point,
{Symbols_Root}\Appendices\Land\15190300.emf,64,Missile Support : Crane/Loading Device,Land Equipment : Main Icon,Land Equipment;Missile Support;Crane/Loading Device;S*GPEVSC--*****;FULL_OCTAGON;Point;Missile Support : Crane/Loading Device;15190300,15190300,Point,
{Symbols_Root}\Appendices\Land\15190400.emf,64,Missile Support : Propellant Transporter,Land Equipment : Main Icon,Land Equipment;Missile Support;Propellant Transporter;S*GPEVSP--*****;FULL_OCTAGON;Point;Missile Support : Propellant Transporter;15190400,15190400,Point,
{Symbols_Root}\Appendices\Land\15190500.emf,64,Missile Support : Warhead Transporter,Land Equipment : Main Icon,Land Equipment;Missile Support;Warhead Transporter;S*GPEVSW--*****;FULL_OCTAGON;Point;Missile Support : Warhead Transporter;15190500,15190500,Point,
{Symbols_Root}\Appendices\Land\15200100.emf,64,Other Equipment : Antennae,Land Equipment : Main Icon,Land Equipment;Other Equipment;Antennae;NEW_AT_2525D;FULL_OCTAGON;Point;Other Equipment : Antennae;15200100,15200100,Point,
{Symbols_Root}\Appendices\Land\15200200.emf,64,Other Equipment : Bomb,Land Equipment : Main Icon,Land Equipment;Other Equipment;Bomb;NEW_AT_2525D;FULL_OCTAGON;Point;Other Equipment : Bomb;15200200,15200200,Point,
{Symbols_Root}\Appendices\Land\15200300.emf,64,Other Equipment : Booby Trap,Land Equipment : Main Icon,Land Equipment;Other Equipment;Booby Trap;NEW_AT_2525D;FULL_OCTAGON;Point;Other Equipment : Booby Trap;15200300,15200300,Point,
{Symbols_Root}\Appendices\Land\15200400.emf,64,Other Equipment : CBRN Equipment,Land Equipment : Main Icon,Land Equipment;Other Equipment;CBRN Equipment;S*GPEXN---*****;FULL_OCTAGON;Point;Other Equipment : CBRN Equipment;15200400,15200400,Point,
{Symbols_Root}\Appendices\Land\15200500.emf,64,Other Equipment : Computer System,Land Equipment : Main Icon,Land Equipment;Other Equipment;Computer System;NEW_AT_2525D;FULL_OCTAGON;Point;Other Equipment : Computer System;15200500,15200500,Point,
{Symbols_Root}\Appendices\Land\15200600.emf,64,Other Equipment : Command Launch Equipment (CLE),Land Equipment : Main Icon,Land Equipment;Other Equipment;Command Launch Equipment (CLE);NEW_AT_2525D;MAIN;Point;Other Equipment : Command Launch Equipment (CLE);15200600,15200600,Point,
{Symbols_Root}\Appendices\Land\15200700.emf,64,Other Equipment : Generator Set,Land Equipment : Main Icon,Land Equipment;Other Equipment;Generator Set;NEW_AT_2525D;FULL_OCTAGON;Point;Other Equipment : Generator Set;15200700,15200700,Point,
{Symbols_Root}\Appendices\Land\15200800.emf,64,Other Equipment : Ground-based Midcourse Defense (GMD) Fire Control (GFC) Center,Land Equipment : Main Icon,Land Equipment;Other Equipment;Ground-based Midcourse Defense (GMD) Fire Control (GFC) Center;NEW_AT_2525D;MAIN;Point;Other Equipment : Ground-based Midcourse Defense (GMD) Fire Control (GFC) Center;15200800,15200800,Point,
{Symbols_Root}\Appendices\Land\15200900.emf,64,Other Equipment : In-Flight Interceptor Communications System (IFICS) Data Terminal (IDT),Land Equipment : Main Icon,Land Equipment;Other Equipment;In-Flight Interceptor Communications System (IFICS) Data Terminal (IDT);NEW_AT_2525D;MAIN;Point;Other Equipment : In-Flight Interceptor Communications System (IFICS) Data Terminal (IDT);15200900,15200900,Point,
{Symbols_Root}\Appendices\Land\15201000.emf,64,Other Equipment : Laser,Land Equipment : Main Icon,Land Equipment;Other Equipment;Laser;S*GPEXL---*****;FULL_OCTAGON;Point;Other Equipment : Laser;15201000,15201000,Point,
{Symbols_Root}\Appendices\Land\15201100.emf,64,Other Equipment : Military Information Support Operations (MISO),Land Equipment : Main Icon,Land Equipment;Other Equipment;Military Information Support Operations (MISO);NEW_AT_2525D;FULL_OCTAGON;Point;Other Equipment : Military Information Support Operations (MISO);15201100,15201100,Point,
{Symbols_Root}\Appendices\Land\15201200.emf,64,Other Equipment : Sustainment Shipments,Land Equipment : Main Icon,Land Equipment;Other Equipment;Sustainment Shipments;NEW_AT_2525D;MAIN;Point;Other Equipment : Sustainment Shipments;15201200,15201200,Point,
{Symbols_Root}\Appendices\Land\15201300.emf,64,Other Equipment : Tent,Land Equipment : Main Icon,Land Equipment;Other Equipment;Tent;NEW_AT_2525D;FULL_OCTAGON;Point;Other Equipment : Tent;15201300,15201300,Point,
{Symbols_Root}\Appendices\Land\15201400.emf,64,Other Equipment : Unit Deployment Shipments,Land Equipment : Main Icon,Land Equipment;Other Equipment;Unit Deployment Shipments;NEW_AT_2525D;MAIN;Point;Other Equipment : Unit Deployment Shipments;15201400,15201400,Point,
{Symbols_Root}\Appendices\Land\15201500.emf,64,Other Equipment : Emergency Medical Operation,Land Equipment : Main Icon,Land Equipment;Other Equipment;Emergency Medical Operation;E*OPAB----*****;FULL_OCTAGON;Point;Other Equipment : Emergency Medical Operation;15201500,15201500,Point,
{Symbols_Root}\Appendices\Land\15201501.emf,64,Other Equipment : Emergency Medical Operation : Medical Evacuation Helicopter,Land Equipment : Main Icon,Land Equipment;Other Equipment;Emergency Medical Operation;Medical Evacuation Helicopter;E*OPAF----*****;MAIN_1;Point;Other Equipment : Emergency Medical Operation : Medical Evacuation Helicopter;15201501,15201501,Point,
{Symbols_Root}\Appendices\Land\15210100.emf,64,Land Mines : Land Mine,Land Equipment : Main Icon,Land Equipment;Land Mines;Land Mine;S*GPEXM---*****;FULL_OCTAGON;Point;Land Mines : Land Mine;15210100,15210100,Point,
{Symbols_Root}\Appendices\Land\15210200.emf,64,Land Mines : Antipersonnel Land Mine (APL),Land Equipment : Main Icon,Land Equipment;Land Mines;Antipersonnel Land Mine (APL);S*GPEXMC--*****;FULL_OCTAGON;Point;Land Mines : Antipersonnel Land Mine (APL);15210200,15210200,Point,
{Symbols_Root}\Appendices\Land\15210300.emf,64,Land Mines : Antitank Mine,Land Equipment : Main Icon,Land Equipment;Land Mines;Antitank Mine;NEW_AT_2525D;FULL_OCTAGON;Point;Land Mines : Antitank Mine;15210300,15210300,Point,
{Symbols_Root}\Appendices\Land\15210400.emf,64,Land Mines : Improvised Explosives Device (IED),Land Equipment : Main Icon,Land Equipment;Land Mines;Improvised Explosives Device (IED);S*GPEXI---*****;FULL_OCTAGON;Point;Land Mines : Improvised Explosives Device (IED);15210400,15210400,Point,
{Symbols_Root}\Appendices\Land\15210500.emf,64,Land Mines : Less than lethal,Land Equipment : Main Icon,Land Equipment;Land Mines;Less than lethal;S*GPEXML--*****;FULL_OCTAGON;Point;Land Mines : Less than lethal;15210500,15210500,Point,
{Symbols_Root}\Appendices\Land\15220100.emf,64,Sensors : Sensor,Land Equipment : Main Icon,Land Equipment;Sensors;Sensor;S*GPES----*****;MAIN;Point;Sensors : Sensor;15220100,15220100,Point,
{Symbols_Root}\Appendices\Land\15220200.emf,64,Sensors : Sensor Emplaced,Land Equipment : Main Icon,Land Equipment;Sensors;Sensor Emplaced;S*GPESE---*****;FULL_OCTAGON;Point;Sensors : Sensor Emplaced;15220200,15220200,Point,
{Symbols_Root}\Appendices\Land\15220300.emf,64,Sensors : Radar,Land Equipment : Main Icon,Land Equipment;Sensors;Radar;S*GPESR---*****;FULL_OCTAGON;Point;Sensors : Radar;15220300,15220300,Point,
{Symbols_Root}\Appendices\Land\15230000.emf,64,Emergency Operation (Land Equipment),Land Equipment : Main Icon,Land Equipment;Emergency Operation;E*OPBB----*****;FULL_OCTAGON;Point;Emergency Operation (Land Equipment);15230000,15230000,Point,
{Symbols_Root}\Appendices\Land\15230100.emf,64,Emergency Operation (Land Equipment) : Ambulance,Land Equipment : Main Icon,Land Equipment;Emergency Operation;Ambulance;E*OPAE----*****;FULL_OCTAGON;Point;Emergency Operation (Land Equipment) : Ambulance;15230100,15230100,Point,
{Symbols_Root}\Appendices\Land\15230200.emf,64,Emergency Operation (Land Equipment) : Fire Fighting/Fire Protection,Land Equipment : Main Icon,Land Equipment;Emergency Operation;Fire Fighting/Fire Protection;E*OPCB----*****;MAIN;Point;Emergency Operation (Land Equipment) : Fire Fighting/Fire Protection;15230200,15230200,Point,
{Symbols_Root}\Appendices\Land\15240000.emf,64,Manual Track (Land Equipment),Land Equipment : Main Icon,Land Equipment;Manual Track;NEW_AT_2525D;FULL_OCTAGON;Point;Manual Track (Land Equipment);15240000,15240000,Point,
{Symbols_Root}\Appendices\Land\mod1\15011.emf,64,Sensor Type : Biological,Land Equipment : Modifier 1,Land Equipment;Modifier 1;Biological;MOD1;Point;Sensor Type : Biological;15011,15011,Point,
{Symbols_Root}\Appendices\Land\mod1\15021.emf,64,Sensor Type : Chemical,Land Equipment : Modifier 1,Land Equipment;Modifier 1;Chemical;MOD1;Point;Sensor Type : Chemical;15021,15021,Point,
{Symbols_Root}\Appendices\Land\mod1\15031.emf,64,Sensor Type : Early Warning Radar,Land Equipment : Modifier 1,Land Equipment;Modifier 1;Early Warning Radar;MOD1;Point;Sensor Type : Early Warning Radar;15031,15031,Point,
{Symbols_Root}\Appendices\Land\mod1\15041.emf,64,Sensor Type : Intrusion,Land Equipment : Modifier 1,Land Equipment;Modifier 1;Intrusion;MOD1;Point;Sensor Type : Intrusion;15041,15041,Point,
{Symbols_Root}\Appendices\Land\mod1\15051.emf,64,Sensor Type : Nuclear,Land Equipment : Modifier 1,Land Equipment;Modifier 1;Nuclear;MOD1;Point;Sensor Type : Nuclear;15051,15051,Point,
{Symbols_Root}\Appendices\Land\mod1\15061.emf,64,Sensor Type : Radiological,Land Equipment : Modifier 1,Land Equipment;Modifier 1;Radiological;MOD1;Point;Sensor Type : Radiological;15061,15061,Point,
{Symbols_Root}\Appendices\Land\mod1\15071.emf,64,Sensor Type : Upgraded Early Warning Radar,Land Equipment : Modifier 1,Land Equipment;Modifier 1;Upgraded Early Warning Radar;MOD1;Point;Sensor Type : Upgraded Early Warning Radar;15071,15071,Point,
{Symbols_Root}\Appendices\Land\mod1\15081.emf,64,Crime : Hijacking (Land Equipment),Land Equipment : Modifier 1,Land Equipment;Modifier 1;Hijacking;MOD1;Point;Crime : Hijacking (Land Equipment);15081,15081,Point,
{Symbols_Root}\Appendices\Land\mod1\15091.emf,64,Organization : Civilian (Land Equipment),Land Equipment : Modifier 1,Land Equipment;Modifier 1;Civilian;MOD1;Point;Organization : Civilian (Land Equipment);15091,15091,Point,
